Metric,Value
MAE,6.217406712157344
RMSE,14.119427723602156
R2_Score,0.9870461920028467
Accuracy_Percentage,97.85753248808471
